Player,PTS,Number of Matches,Kills,Assists,KDA,KD,KAS,Knocks,Kills/Knocks,Damage Dealt,AR Damage,DMR Damage,SR Damage,Avg Damage Dealt,Damage Taken,Avg Damage Taken,Damage Taken (Zone),Damage Taken (Enemy),Damage Dealt/Damage Taken,Revives,Died 1st,Died 2nd,Died 3rd,Died 4th,Knocked,Revived,Headshot Kills,Longest Kill (m),Stolen Kills,Lost Kills,Grenades Picked,Grenades Dropped,Grenades Thrown,Grenades Damage,Molotovs Picked,Molotovs Dropped,Molotovs Thrown,Molotovs Damage,Smokes Picked,Smokes Dropped,Smokes Thrown,Flashes Picked,Flashes Dropped,Flashes Thrown,Swimming Distance (km),Walk Distance (km),Ride Distance (km),Time Survived,Avg Time Survived,Heals,Health Recovered,Boosts,Vehicle Destroys
DAY_TiGGER,93.07,12,25,14,3.5,2.3,0.8,22,1.1,3806.8,1830.3,1140.9,79.3,317.2,2740.4,228.4,910.6,1771.1,2.1,0,2,5,2,2,9,0,3,394.7,6,3,47,8,26,615.2,12,3,5,0,87,24,29,40,9,6,0,15.5,34.4,16371,1364,28,1640.4,58,4
DAY_Flash,81.19,12,23,10,3,2.1,0.8,20,1.1,3618.8,924.8,2208.3,0,301.6,3429.5,285.8,1137.1,2263.2,1.6,1,4,2,2,3,11,3,4,372.3,3,1,47,10,21,433.7,11,1,4,52,62,19,22,25,5,6,0,15.3,31.7,15618,1301,42,2287.7,32,2
TWIS_Lu,80.18,12,20,10,2.5,1.7,0.8,21,1,4017.8,1065.2,2517.9,0,334.8,3921.6,326.8,921.4,2927.5,1.4,6,1,2,3,6,9,3,5,376.1,3,2,44,5,24,334.7,10,0,2,0,88,36,45,44,23,9,0.1,15.4,39.7,18371,1530,50,2691.1,42,0
TE_Clories,92.67,12,23,6,2.6,2.1,0.8,21,1.1,4166.6,1338.7,2174.3,0,347.2,3123.2,260.3,716,2359.9,1.8,8,3,2,1,5,9,3,6,258.3,1,1,48,3,25,408,4,0,2,0,43,6,21,28,2,9,0,12.7,35,16462,1371,31,1993.2,49,5
BB_Bestoloch,81.66,12,19,11,3,1.9,0.8,13,1.5,3366.1,1010.3,2280.8,0,280.5,3530.6,294.2,1915,1610.4,2.1,4,1,2,4,3,7,0,4,326.4,3,1,58,9,15,75,8,0,1,0,58,6,16,29,9,0,0,13.6,40.1,17138,1428,38,2530.6,39,3
DAY_Belmoth,86.2,12,24,9,3,2.2,0.7,22,1.1,3319.7,1314.6,1249.1,0,276.6,2759.7,230,449.2,2178.8,1.5,2,4,1,3,3,9,1,6,253.4,0,1,49,2,32,680.1,11,0,6,0,62,4,42,51,12,10,0,17.6,33.9,16187,1348,30,1649.7,52,2
DAY_Thanad0l,73.49,12,17,9,2.4,1.5,0.8,17,1,3449.4,1271.5,1857.4,0,287.4,3342.1,278.5,1520,1787.4,1.9,3,1,3,4,3,10,2,5,358.4,4,1,40,5,19,214.1,7,1,3,56,47,11,22,25,6,6,0,19.3,41.6,16727,1393,41,2220.1,60,0
TKL_Cold119,73.32,12,19,7,2.4,1.7,0.8,17,1.1,3331.7,1795.2,885.5,100,277.6,3499.1,291.6,355,3125,1.1,5,4,1,4,2,15,6,7,253.6,2,1,38,2,27,360.2,9,0,6,114,59,1,40,29,1,6,0,14.7,31.3,14700,1225,41,2339.1,59,3
TKL_Spaceman,82.74,12,22,9,2.8,2,0.7,20,1.1,3373.9,1706.7,1191.3,0,281.2,3315.8,276.3,345.4,2903.3,1.2,6,2,3,3,3,12,4,7,359.2,1,1,52,10,24,312.5,16,2,9,0,82,20,32,40,6,14,0,12.8,29.1,16457,1371,36,2175.8,81,2
FLC_TGLTN,81.17,12,19,6,2.5,1.9,0.8,20,0.9,3316.6,1628.3,1148.6,0,276.4,2537.7,211.5,195.2,2263.4,1.5,3,7,3,0,0,16,6,6,284.2,0,2,37,11,13,271.6,7,1,1,0,57,4,23,26,7,2,0,9.3,47.6,15032,1252,22,1477.7,41,1
FLC_Kickstart,71.21,12,16,6,2,1.5,0.8,17,0.9,3421,921.7,2128.8,0,285.1,2894.5,241.2,263,2576.8,1.3,5,2,0,6,3,12,3,6,318.1,2,2,44,1,26,356.1,4,1,3,0,50,8,28,24,7,4,0,10.8,46.5,16811,1400,34,1662.2,32,5
TE_TanVuu,65.02,12,17,5,1.8,1.4,0.8,16,1.1,3402.1,970.3,1628.6,505.1,283.5,3327.8,277.3,205,3080.8,1.1,1,3,2,5,2,18,8,4,368.5,5,1,44,16,16,298.2,18,2,5,0,61,16,23,34,3,5,0,13.3,38.3,15622,1301,41,2047.8,75,3
BGP_2heart,59.07,12,12,12,2,1,0.8,14,0.9,3506.7,448.2,2785.5,0,292.2,2999.5,250,533.4,2349.3,1.5,1,1,2,4,5,9,2,3,329.3,1,2,27,0,17,273,4,0,0,0,50,6,22,27,5,5,0,13.4,62,16305,1358,19,1779,59,1
BB_Molodoct,78.57,12,16,12,2.8,1.6,0.6,16,1,3656.5,671.1,2587.3,0,304.7,2260.1,188.3,221,1989.6,1.8,1,1,4,3,2,10,2,4,566.1,3,3,28,2,19,295.3,6,0,2,0,38,2,19,12,0,3,0,13,36.6,16284,1357,22,1216.9,27,2
TWIS_xmpl,61.5,12,11,5,1.3,0.9,0.8,11,1,3950.3,762.3,3072.4,0,329.2,3659.3,304.9,237.7,3380.1,1.2,2,1,3,5,3,14,5,1,583,1,4,32,3,20,115.5,6,0,1,0,49,6,38,29,6,7,0.1,16.1,34.6,18425,1535,51,2409.3,50,2
FOR_KISS,69.45,12,18,9,2.7,1.8,0.7,13,1.4,2644.9,1406.3,850.9,0,220.4,2799.2,233.3,452,2318.4,1.1,3,3,2,2,3,10,2,5,187.4,1,1,48,12,24,387.6,5,1,3,0,67,6,39,35,5,12,0,10.7,71.7,15609,1300,26,1672.1,55,0
PeRo_Aixleft,64.86,12,17,9,2.4,1.5,0.8,18,0.9,2586.3,962.4,1164.5,62.1,215.5,2864.9,238.7,542.3,2142.3,1.2,1,3,2,5,1,12,2,3,205.4,4,5,43,1,24,407.3,6,1,0,0,42,7,14,24,13,2,0,16.6,39.2,15587,1298,38,1744.9,46,4
FLC_Shrimzy,66.36,12,15,8,2.3,1.5,0.7,16,0.9,2935.5,1121.8,1552.1,0,244.6,2199.5,183.3,207,1903.3,1.5,3,2,4,1,3,10,3,5,308.9,2,3,31,2,17,157.5,5,0,3,0,47,5,20,32,7,8,0,11.7,66,14474,1206,25,1169.5,36,1
BB_f1lfirst,68.97,12,17,6,2.1,1.5,0.5,20,0.8,3296.6,482.8,2349.1,0,274.7,2272.6,189.4,20,2241,1.5,1,5,1,2,2,10,2,3,407.9,3,1,46,5,20,74.1,11,2,4,0,47,5,11,24,7,2,0,13.8,33.4,15823,1318,21,1192.9,50,5
BB_ADOUZ1E,62.71,12,12,8,2,1.2,0.8,9,1.3,2871.4,930.3,1854.9,0,239.3,2380.3,198.4,226.4,2125.4,1.4,0,3,3,1,3,10,2,0,324,3,0,44,7,15,66.1,9,0,6,0,45,9,20,20,0,4,0,11.9,34.5,16296,1358,21,1260.3,69,0
GEN_BeaN,46.89,12,8,7,1.3,0.7,0.8,9,0.9,3389.2,1395.7,1812.7,0,282.4,3215.4,267.9,995.6,2203.5,1.5,1,1,4,3,4,9,1,0,232.4,3,0,35,3,14,169.8,3,0,1,0,47,10,25,24,4,3,0,16,49.1,14387,1198,40,2004.3,39,2
NH_16KK,50.08,12,12,8,1.7,1,0.8,9,1.3,2607.5,929.2,1627.5,0,217.3,2428.4,202.4,293.6,2020.6,1.3,0,4,3,0,5,9,2,2,278.7,2,0,37,5,13,50.9,9,0,2,0,40,1,15,18,1,3,0,12.2,42.3,16139,1344,19,1208.4,66,0
BST_Dr4FTk1NG,58.42,12,11,11,2,1,0.6,10,1.1,3142.4,1531.2,1161.6,229.1,261.9,2866.1,238.8,212.8,2578,1.2,7,4,1,1,5,8,2,4,267.5,0,3,35,6,14,221.7,7,0,1,48,59,12,34,30,0,9,0,12.2,39.2,15846,1320,42,1746.1,68,2
TWIS_BatulinS,55.03,12,15,6,1.8,1.3,0.7,15,1,2802.6,671.2,1483.5,193.8,233.6,3546.6,295.5,1159.1,2377.7,1.2,4,6,3,1,2,12,2,1,169.2,1,1,45,5,22,253.8,19,11,3,51,59,11,40,23,4,8,0.1,15.2,37,17393,1449,44,2326.6,54,3
DNF_DIEL,53.55,12,11,12,2.1,1,0.7,11,1,2655.5,607.9,1520.1,0,221.3,2727.9,227.3,487.3,2161.8,1.2,4,0,3,6,2,10,1,1,217.9,2,2,46,4,22,535.6,10,0,1,0,58,7,37,24,4,3,0,12.4,60.6,15787,1315,29,1616.9,42,3
DNF_Salute,54.59,12,13,9,2,1.2,0.8,10,1.3,2358.9,771.1,1373.6,0,196.6,2809.3,234.1,436.4,2340.4,1,1,3,2,3,3,11,3,3,231.5,2,2,66,9,21,111.9,10,7,0,0,63,15,23,24,9,0,0,15.1,56.2,14773,1231,35,1678.9,52,2
TWIS_Perfect1ks,57.01,12,13,5,1.5,1.1,0.6,14,0.9,3101,813.5,2021.9,0,258.4,3186.6,265.5,394.6,2741.7,1.1,2,4,4,3,1,15,4,4,391.7,2,1,47,7,23,265.7,9,3,3,0,52,10,31,28,5,7,0.1,17.2,33.1,18065,1505,36,1946.6,43,2
TKL_Donzz,52.74,12,13,14,2.5,1.2,0.8,10,1.3,2173.8,1247.6,685.2,0,181.1,2961.8,246.8,203.2,2721.6,0.8,5,3,3,3,2,17,8,3,235.4,1,2,37,3,16,241,6,1,0,0,46,3,26,17,3,8,0,13.9,36.5,15734,1311,34,1697.8,66,1
GK_spyrro,46.15,12,11,4,1.3,0.9,0.8,15,0.7,2715.5,963,1458.1,0,226.3,3848.7,320.7,1962.4,1785.1,1.5,0,4,3,2,3,9,0,0,376.2,1,2,37,1,20,191.4,10,3,3,0,52,4,32,18,7,5,0,11.9,46.5,14131,1177,47,2648.7,44,0
NH_Dec12th,46.1,12,9,7,1.3,0.8,0.7,10,0.9,2810,866.5,1773.8,0,234.2,3248.2,270.7,225.2,2843,1,2,1,3,8,0,14,2,2,285.1,2,1,48,11,18,125.6,13,7,2,0,43,6,27,27,5,9,0,17.5,41.3,16998,1416,33,2028.2,56,4
NH_ZiLong1,35.05,12,12,6,1.5,1,0.6,16,0.8,2688,557.1,1676.8,0,224,2172,181,182.2,1974.2,1.4,3,1,4,3,4,8,0,3,169.3,0,2,26,0,16,302.6,4,1,3,66,40,2,18,22,3,7,0,12.4,38.5,16428,1369,16,969.5,33,0
T1_Heather,39.65,12,13,6,1.6,1.1,0.7,13,1,2265,1045.6,700.3,0,188.8,2655.1,221.3,60,2527.8,0.9,6,2,6,1,3,11,2,3,91.2,1,2,35,1,20,366.6,11,2,2,70,44,9,16,36,18,2,0,10.1,39.9,11323,943,33,1433.3,49,0
FUR_guizeraa,51.56,12,16,6,1.8,1.3,0.7,10,1.6,1956.4,646.7,1050.5,0,163,2643.7,220.3,541.8,2084.6,0.9,5,2,1,7,2,11,1,4,315,2,0,32,2,20,179,4,0,1,0,43,2,23,23,1,2,0,13.5,62.1,15519,1293,29,1433.7,35,1
EA_Xizzy,50.05,12,10,5,1.4,0.9,0.7,11,0.9,2504.9,767.7,1470.6,0,208.7,3861.3,321.8,515.4,3338.5,0.8,6,0,1,5,5,12,6,5,224.1,0,1,26,1,13,266.6,9,0,1,0,52,5,37,26,3,2,0,12.1,43.9,15364,1280,44,2675.6,51,0
17_Xbei,43.05,12,15,4,1.7,1.4,0.8,12,1.3,1705.3,450.9,614.6,0,142.1,2652,221,844.6,1768.8,1,1,4,3,1,3,9,1,8,276.7,1,1,38,3,18,195.6,11,2,1,0,51,16,13,40,12,1,0,10.6,23.3,11557,963,33,1542,39,2
TKL_SuZe,45.89,12,10,6,1.5,0.9,0.8,8,1.3,2089.2,683.8,1211.5,0,174.1,2598.9,216.6,351.7,2215.7,0.9,6,2,4,1,4,11,4,3,367.2,1,0,33,0,18,60.1,8,0,2,0,55,10,32,33,10,7,0,11.4,29.2,16142,1345,30,1458.9,49,1
BST_v1n1zxz,54.17,12,14,5,1.7,1.3,0.5,14,1,2416.7,1001.1,1146.3,0,201.4,3432.4,286,62.4,3290.3,0.7,5,2,3,1,5,11,5,8,407.2,2,2,43,5,23,338.4,10,3,3,52,56,6,37,22,6,5,0,11.5,45.1,16143,1345,42,2280.7,64,3
DNF_Heaven,51.46,12,9,4,1.2,0.8,0.5,14,0.6,2845.9,975.8,1516.3,0,237.2,2708.1,225.7,552.2,2138.9,1.3,3,5,3,1,2,13,4,2,251.3,0,1,67,14,24,258.8,5,2,2,0,56,25,17,32,5,4,0,12,59.8,15466,1288,36,1566.3,44,2
17_77owo,50.62,12,15,5,1.8,1.4,0.5,11,1.4,2162,899.3,880.4,0,180.2,3375.4,281.3,793.3,2575.7,0.8,3,1,3,3,4,9,2,0,335.4,2,1,43,2,21,240.4,10,1,5,0,52,3,25,29,3,4,0,12.3,20.5,13833,1152,35,2255.4,46,0
TE_Delwyn,28.41,12,7,11,1.5,0.6,0.8,9,0.8,2041.4,955.7,942.8,0,170.1,3342.4,278.5,993.9,2200.9,0.9,2,3,4,2,3,11,2,2,209.8,2,2,25,2,12,214.4,5,0,2,0,36,2,29,21,0,4,0,12.5,42.6,13788,1149,45,2122.4,49,1
NH_Inuyasha,51.73,12,14,4,1.5,1.2,0.5,11,1.3,2373.4,770.3,1528.4,0,197.8,3142.5,261.9,859.7,2265.3,1,0,6,2,1,3,10,1,6,410.5,1,1,24,2,13,74.7,13,0,3,0,59,24,14,23,0,11,0,10.4,44.1,15320,1276,38,1931.5,36,1
BGP_Parkpro,44.89,12,13,6,1.6,1.1,0.7,12,1.1,1888.5,571.8,752.6,102,157.4,2823.3,235.3,518.2,2278.7,0.8,1,4,4,3,1,11,1,1,204.7,1,0,49,7,25,323.3,9,2,2,0,57,7,25,35,22,2,0,12.6,67.1,15228,1269,30,1612.8,64,2
EA_Nourinz,50.13,12,10,7,1.5,0.9,0.5,9,1.1,2513.3,859.3,1076.7,259,209.4,2501.9,208.5,42.9,2421,1,7,4,2,1,4,9,2,2,443.1,1,1,39,7,17,318.3,9,0,0,0,48,10,21,16,0,3,0,11.3,46.8,14504,1208,22,1373.9,26,1
T5_Flukky,46.47,12,10,5,1.4,0.9,0.7,8,1.3,2147.5,427.9,1548.4,0,179,2739.5,228.3,287.1,2372.9,0.9,4,4,2,4,1,10,0,2,207,2,0,50,5,19,171.2,8,2,0,0,90,17,41,32,15,2,0,11.7,89.6,16460,1371,33,1636.9,76,3
FLC_hwinn,33.77,12,5,13,1.5,0.4,0.7,6,0.8,2376.5,589.2,1472.1,0,198,2881.7,240.1,171.2,2702.8,0.9,6,1,4,3,4,13,5,0,48.6,0,1,47,0,15,296.6,6,0,2,0,63,11,37,17,3,6,0,12,52.9,16032,1336,31,1631.7,36,1
VP_NIXZYEE,49.38,12,14,1,1.3,1.2,0.5,10,1.4,2438.3,994.4,1209.3,0,203.2,2454.3,204.5,906.9,1516.8,1.6,1,4,3,3,2,13,3,4,364.9,3,0,30,7,10,151.7,6,4,0,0,51,13,20,16,3,1,0,9.2,54.1,12741,1061,30,1224.3,27,2
NAVI_Feyerist,24.88,12,11,6,1.4,0.9,0.8,10,1.1,1488.1,549.3,405.4,0,124,2050.7,170.9,787,1256.1,1.2,1,6,2,4,0,13,1,3,221.2,2,0,28,5,7,83.6,8,0,3,0,35,6,16,19,2,6,0,8.7,24.4,10626,885,17,840.2,19,1
4AM_ATongMuu,36.94,12,8,5,1.2,0.7,0.7,10,0.8,2194.2,1032.7,1154.7,0,182.8,2373.4,197.8,133.2,2236,1,2,3,5,1,2,13,4,1,315.4,1,2,32,1,10,6.8,7,0,2,0,39,3,11,27,5,6,0,11.9,39.2,13836,1153,17,1229,36,1
FOR_Olympus,42.25,12,9,11,1.8,0.8,0.5,14,0.6,2224.8,691.7,1179.4,83.8,185.4,3009.4,250.8,215.3,2770.4,0.8,6,2,1,6,2,14,5,5,182.7,0,2,25,0,11,100,9,1,1,0,35,2,16,29,7,6,0,10.9,65.2,15229,1269,34,1858.3,41,2
PeRo_MMing,44.74,12,8,5,1.2,0.7,0.6,9,0.9,2374.3,702.4,1334.9,0,197.9,2264.5,188.7,483,1738.3,1.4,3,1,1,2,7,5,1,3,197.8,1,0,29,0,8,351.1,4,0,3,0,31,0,12,10,0,2,0,12.2,41.4,15734,1311,19,1154.5,37,2
BGP_AKaN,44.18,12,13,3,1.3,1.1,0.7,13,1,1817.9,959.3,537.8,0,151.5,3188.8,265.7,309.6,2838.8,0.6,2,4,3,2,3,11,2,3,230,0,2,45,6,24,213.8,7,0,0,0,63,1,39,45,1,11,0,13.9,61.5,15971,1330,28,1965,66,2
FOR_Baren,45.35,12,11,9,1.8,1,0.6,13,0.8,1835.1,1027.4,651.4,0,152.9,2453.4,204.5,27.6,2384.2,0.8,3,3,5,3,0,17,6,4,270.7,1,2,35,1,20,56.3,4,0,4,0,36,1,17,28,2,13,0,15.2,70,15118,1259,16,1293.4,75,0
FOR_Scappy,50.53,12,11,7,1.6,1,0.4,7,1.6,2353.1,1182.5,747.6,0,196.1,2326.5,193.9,42,2262.6,1,2,3,3,0,5,7,1,4,282.1,2,1,34,0,20,183.8,6,0,1,66,40,4,10,28,1,5,0,11.8,66.5,14869,1239,25,1216.5,34,2
17_Lilghost,30.35,12,8,3,1,0.7,0.8,8,1,1834.7,499.3,435.5,0,152.9,2744,228.7,390.5,2336.3,0.8,2,4,4,3,0,14,3,1,418.8,0,0,37,3,20,182.2,8,0,3,40,55,6,42,27,4,1,0,10.9,18.3,12477,1039,34,1614,37,3
17_xwudd,28.55,12,6,7,1.2,0.5,0.7,8,0.8,2055.1,637.8,1050.5,0,171.3,2397.4,199.8,469.5,1911.7,1.1,0,2,1,4,4,7,0,0,127.2,0,1,33,3,17,41,4,0,0,0,44,2,26,27,2,5,0,9.1,23.6,12659,1054,22,1297.4,46,1
NAVI_Hakatory,32.93,12,8,3,0.9,0.7,0.5,10,0.8,2593.2,381.6,1840.3,0,216.1,3145.2,262.1,998.3,2084.6,1.2,2,2,3,3,4,10,2,3,369.1,1,1,36,4,15,162.3,9,1,3,11.2,40,0,17,16,2,2,0,13.2,21.2,11938,994,47,1922.2,38,0
NAVI_SoseD,27.93,12,9,4,1.1,0.8,0.6,10,0.9,2193.3,836.9,1151.2,0,182.8,3687.7,307.3,2172.6,1470.2,1.5,2,4,1,2,5,8,1,4,375.7,0,1,25,1,9,205.2,4,2,0,0,29,1,15,7,2,1,0,8.3,23.2,11765,980,64,2477.7,26,0
NAVI_staed,40.96,12,13,7,1.7,1.1,0.4,8,1.6,2096.2,768.8,1173.7,0,174.7,4346.7,362.2,2210.3,2085.2,1,2,0,6,3,3,12,3,1,290.3,3,2,35,3,18,131.7,6,2,0,0,37,8,18,26,11,7,0,13,29,13835,1152,71,3116.7,53,2
T1_EEND,35.95,12,8,4,1,0.7,0.6,10,0.8,2294.7,612.6,1358.4,0,191.2,2837.2,236.4,29.2,2790.2,0.8,2,2,4,4,2,14,5,2,168.6,0,1,36,1,6,106,4,0,0,0,60,6,12,17,0,1,0,11.3,56.7,12710,1059,28,1587.2,37,0
GEN_Tosi,30.06,12,7,7,1.2,0.6,0.7,12,0.6,1906.2,477.5,1200.4,0,158.8,3117.4,259.8,646.9,2348.7,0.8,6,1,5,2,4,10,2,2,180.8,0,3,36,5,8,188,8,0,2,0,55,5,28,36,8,0,0,11.7,51.9,14509,1209,41,1897.4,37,1
T1_Type,35.59,12,10,6,1.3,0.8,0.6,11,0.9,1859.2,874.3,338.2,0,154.9,2770.8,230.9,68,2634.2,0.7,4,4,1,2,5,9,3,1,44.2,1,1,28,1,14,281,7,0,3,0,47,10,13,26,1,8,0,11.3,55.1,13263,1105,23,1540.8,39,3
4AM_Longz,35.05,12,9,7,1.5,0.8,0.6,11,0.8,1804.7,735.5,616.9,0,150.4,2567.9,214,306.7,2173.4,0.8,7,2,2,4,3,10,2,0,265.9,1,1,39,6,15,252.4,2,0,0,0,37,5,19,22,6,6,0,8.8,44.5,13664,1138,28,1437.9,41,1
GK_pwddddddddd,33.63,12,9,3,1,0.8,0.7,10,0.9,1863.2,1285.4,509.4,0,155.3,2646.8,220.6,468.2,1941.6,1,0,4,2,6,0,14,2,0,197.4,0,0,28,3,8,68.3,8,1,2,0,60,22,8,19,4,3,0,11.6,65.9,13165,1097,25,1426.8,33,1
T5_RangerX,39.97,12,10,6,1.5,0.9,0.7,11,0.9,1496.5,277.9,992.1,49.7,124.7,2177.4,181.5,201.4,1932.8,0.8,2,1,6,2,2,11,2,3,341.5,0,4,38,4,15,76.9,9,0,2,0,57,4,30,19,15,0,0,13.5,69.4,16212,1351,12,1053.5,39,1
ROC_bielmtcalmo,35.23,12,9,3,1,0.8,0.6,9,1,2023,1124.6,711.9,0,168.6,2469,205.7,249.6,2175,0.9,3,3,5,3,1,12,1,4,314.5,0,1,27,1,13,201.3,6,0,1,0,41,0,21,23,0,3,0,10.9,43.8,12615,1051,26,1259,35,1
EA_Jacob,42.76,12,9,5,1.3,0.8,0.5,12,0.8,1975.8,658.9,1004.1,0,164.6,3307.4,275.6,100,3002.2,0.7,1,4,2,4,1,16,6,3,553.1,0,3,40,2,18,312.8,4,1,0,0,45,6,30,13,5,0,0,11,35.1,13894,1157,37,2147.4,67,4
FUR_possa,44.13,12,9,5,1.3,0.8,0.4,15,0.6,2112.9,823.8,1084.7,0,176.1,3007.9,250.7,467,2466.8,0.9,1,1,1,2,7,9,5,1,136.6,1,2,28,1,12,204.4,3,2,1,0,38,4,22,13,0,2,0,12,51.5,15409,1284,37,1769.3,42,0
T5_RossitedJR,37.33,12,8,4,1.1,0.7,0.6,5,1.6,1633.4,193.5,1200.7,0,136.1,2646.1,220.5,378.5,2236,0.7,1,2,2,4,3,12,4,1,253.4,1,0,38,3,16,188,6,0,1,0,61,18,17,19,1,0,0,10.4,69.1,16401,1366,28,1506.1,32,1
4AM_HSmm,30.35,12,7,5,1,0.6,0.5,8,0.9,1935.4,659.3,661.1,371.9,161.3,2238.2,186.5,121.7,2010.3,1,4,3,1,6,2,11,1,2,162.1,0,0,34,4,13,136.8,8,3,2,0,50,7,14,15,0,3,0,11.7,49,14258,1188,23,1026.4,35,3
TE_DuCkHjeUz,26.07,12,7,6,1.1,0.6,0.5,6,1.2,1807.4,502,1088.8,0,150.6,3063.8,255.3,492.1,2446.3,0.7,8,3,4,4,1,17,6,2,146.7,1,0,30,2,17,150.6,7,0,4,66,71,9,54,40,3,4,0,13.8,41.6,15073,1256,32,1801.7,61,3
FUR_Haven,26.56,12,5,7,1,0.4,0.5,9,0.6,1956.1,502.5,1213,0,163,2503.9,208.7,54,2338.5,0.8,1,3,8,1,0,15,3,3,424.3,0,0,28,0,12,10,9,2,3,0,40,5,12,19,0,5,0,9.2,57.5,14350,1195,26,1273.9,38,0
DN_Barpo,32.37,12,8,2,0.9,0.7,0.4,8,1,2037.4,685,1030.7,0,169.8,1923.9,160.3,104.4,1800.8,1.1,1,7,2,1,1,11,2,1,312.4,0,0,20,0,7,198.3,5,0,2,0,35,0,9,14,3,1,0,8.7,47.3,10779,898,11,778.9,13,0
FUR_zkrakeN,32.4,12,7,5,1,0.6,0.5,7,1,1839.9,741.1,936.1,0,153.3,2515.6,209.6,464.2,2002.5,0.9,4,6,2,2,2,12,2,0,267.1,0,1,34,1,18,143.7,11,1,2,0,50,2,22,21,4,5,0,11.1,53.9,14269,1189,21,1295.6,31,0
EA_Lericz,35.53,12,9,5,1.3,0.8,0.6,11,0.8,1253.3,385.8,696.6,0,104.4,2857.2,238.1,303.3,2426.4,0.5,6,3,6,1,1,16,6,3,265.9,0,1,37,10,13,79,2,0,0,0,55,10,34,12,3,1,0,11.4,66,14670,1222,36,1659.4,34,2
GEN_Orca,23.14,12,7,2,0.8,0.6,0.5,5,1.4,1814.3,429.2,1129.1,178.3,151.2,2921.1,243.4,572.9,2330.4,0.8,0,5,3,2,2,14,4,2,299.9,2,0,27,1,14,59.9,6,1,0,0,26,4,19,30,0,8,0,10.6,44.4,12491,1040,40,1680.7,40,2
DN_Daeyeon,31.18,12,9,1,0.8,0.8,0.5,8,1.1,1618,1027.8,559.3,0,134.8,1800.9,150.1,223.2,1574.5,1,1,3,4,3,2,10,0,3,144.8,0,0,21,1,7,31,2,1,1,0,28,0,16,18,0,4,0,9.2,54.9,12053,1004,9,600.9,28,1
BST_M1ME,31.82,12,7,6,1.1,0.6,0.4,11,0.6,1782.2,330.2,1157.4,0,148.5,3542.6,295.2,81.8,3368.9,0.5,1,4,5,2,1,19,8,0,184.8,2,5,39,8,18,110,10,0,3,0,42,0,38,21,2,7,0,14.9,43.4,16855,1404,48,2262.6,78,4
GK_QWZYYY,35.19,12,11,1,1,0.9,0.4,9,1.2,1619.4,558.8,786.8,0,135,2646.1,220.5,275.4,2367.9,0.7,3,2,2,4,4,9,1,3,406.2,2,0,24,0,10,190,9,0,3,83.9,58,3,18,28,6,5,0,11,42.8,14098,1174,32,1436.1,46,1
DNF_Gyumin,31.85,12,6,2,0.7,0.5,0.6,9,0.7,1484.5,746.3,544.7,0,123.7,2836.9,236.4,486.8,2221.1,0.7,3,3,3,1,4,10,3,3,240.8,0,1,36,0,18,193.6,13,2,1,0,35,1,18,20,0,9,0,12.8,52.1,15615,1301,42,1706.9,41,1
T5_Pathompong,29.85,12,4,5,0.8,0.4,0.5,5,0.8,1685.1,147.4,1287.8,0,140.4,3386,282.2,1413.7,1933.2,0.9,2,4,1,1,5,9,3,3,158.1,0,1,40,2,13,181.9,4,0,2,58,69,11,33,22,7,1,0,10.5,77.8,16153,1346,40,2254.7,53,1
T1_Rain1ng,19.06,12,7,5,1,0.6,0.5,7,1,1405.7,526.2,648.8,0,117.1,2565.7,213.8,123.2,2326.1,0.6,0,4,1,5,2,12,2,1,498.4,0,2,31,2,15,230.6,8,2,2,0,47,2,30,28,4,7,0,8.7,42,12038,1003,24,1345.7,27,2
BGP_Seongjang,23.68,12,5,8,1.1,0.4,0.5,7,0.7,1367.8,429.1,747.5,0,114,2848.2,237.3,655,2132.3,0.6,2,3,3,3,3,10,1,1,208.2,0,3,55,8,23,139.2,14,3,3,0,65,2,40,35,4,9,0,12.3,43.6,15177,1264,25,1638.2,60,5
GK_HIRUZEN,22.27,12,6,7,1.1,0.5,0.6,3,2,1027.3,381,526.6,0,85.6,2961.1,246.8,1129.6,1745.5,0.6,1,2,5,0,5,8,1,2,76.3,1,0,38,10,6,100,6,0,1,66,56,3,20,23,2,2,0.1,12,51,14848,1237,32,1751.1,41,1
GEN_Americano,16.33,12,4,5,0.8,0.3,0.6,4,1,1132.7,380.6,752.1,0,94.4,2841.5,236.8,583.6,2082.5,0.5,1,5,0,5,2,11,1,1,168,0,1,29,4,12,12.1,10,1,3,0,44,4,20,30,3,2,0,11.4,52.1,14626,1218,33,1631.5,37,1
ROC_soldzzzz,26.51,12,6,3,0.8,0.5,0.4,10,0.6,1450.9,844.3,577.8,0,120.9,2032.3,169.4,175.2,1801.1,0.8,3,4,2,2,4,9,1,2,227.9,0,1,32,4,15,28.9,10,2,0,0,31,0,12,25,0,2,0,10.1,54.1,13117,1093,17,822.3,35,1
ROC_sxntastico,18.8,12,5,4,0.8,0.4,0.5,8,0.6,1180.3,639.2,365,0,98.4,3042.8,253.6,1390,1580.9,0.7,0,3,2,3,4,10,2,0,178.2,1,1,26,4,12,135.3,9,0,5,72.6,30,5,7,17,2,2,0,10.5,46.6,11867,988,33,1822.8,65,5
DN_Hela,27.02,12,5,5,0.9,0.5,0.3,8,0.6,1501.6,702,759.4,0,125.1,2305.1,192.1,180,2118,0.7,2,0,3,2,6,7,2,0,167.5,0,1,29,4,6,40.2,3,0,0,0,34,1,14,34,5,2,0,10.3,57.6,12604,1050,28,1160.1,31,1
DN_wonderful,18.91,12,5,3,0.7,0.4,0.5,6,0.8,1190.8,667.3,448.5,0,99.2,2228.5,185.7,113,1964,0.6,1,2,3,5,2,11,1,4,224.9,0,0,26,0,9,75,4,0,1,0,44,4,18,20,4,3,0,10.5,56.9,12334,1027,12,1018.5,32,2
PeRo_Cui71,22.58,12,5,3,0.7,0.5,0.4,7,0.7,1058,398.8,360.1,0,88.2,2317.6,193.1,265.6,1937.5,0.5,1,4,1,4,2,11,2,1,89.9,0,0,32,2,7,127.7,6,1,0,0,44,5,15,23,7,1,0,13.5,42.1,14231,1185,26,1197.6,40,0
ROC_rbN777,18.52,12,5,2,0.6,0.4,0.4,7,0.7,1152,501.8,346.3,0,96,2341.4,195.1,516.2,1669.2,0.7,0,2,3,4,3,11,2,0,268.1,0,0,41,4,18,236,6,0,0,0,40,2,20,20,1,3,0,11.1,48,13260,1105,28,1121.4,37,2
4AM_Godv,24.91,12,8,1,0.8,0.7,0.3,7,1.1,1191.5,331.3,623.2,0,99.3,2789.6,232.5,198.6,2573.9,0.5,2,4,4,0,4,16,8,2,180.3,1,0,34,4,12,58,12,0,0,0,47,7,18,18,0,1,0,15.4,45.5,14110,1175,24,1509.6,34,0
VP_Beami,16.96,12,2,6,0.7,0.2,0.3,6,0.3,1296.4,693.9,413.5,68.3,108,5209.6,434.1,3524.7,1684.8,0.8,1,2,2,3,5,11,4,1,183.7,0,1,32,4,5,120.7,2,0,0,0,39,6,8,7,4,0,0,9.4,67.7,13480,1123,77,3969.3,29,0
VP_Lukarux,18.22,12,4,1,0.4,0.3,0.3,4,1,1321.8,761.2,482.6,0,110.2,2879.8,240,855.2,2011.9,0.7,0,2,3,4,3,10,1,0,185.9,1,0,30,0,11,78,5,0,1,0,61,13,26,32,2,0,0,9.8,67.7,12732,1061,35,1668.6,44,2
PeRo_Nannnnn,19.82,12,4,1,0.5,0.4,0.3,2,2,982,433.1,471.6,0,81.8,1937.7,161.5,152,1763.9,0.6,1,3,7,0,1,11,1,1,486.1,1,0,14,1,5,91.4,4,0,1,0,35,2,16,15,0,2,0,11.2,38.5,13396,1116,16,827.7,26,0
BST_SzylzEN,9.76,12,2,2,0.3,0.2,0.3,4,0.5,876.3,310.3,508,0,73,1936.1,161.3,91.2,1698.1,0.5,2,2,3,7,0,12,0,0,77.6,0,1,32,0,15,142.4,4,1,1,0,42,7,22,25,2,3,0,12.7,43.7,15186,1265,9,736.1,49,1
VP_ibiza,11.89,12,3,1,0.3,0.3,0.3,1,3,589.3,357,194,0,49.1,5290,440.8,3220.7,2065.1,0.3,6,4,4,2,2,10,0,0,27.9,1,1,37,5,10,38.4,7,3,0,0,62,11,25,26,3,9,0,11.6,77.5,14034,1169,98,4089.6,48,0
